sequence	16S_rRNA_Count	metadata_NSTI
00afe27639926b5ab609015980f5c49e	3	0.16636900000000002
01a1466ad844b0d1ceddcad63732afd5	1	0.127524
01f6e01e669b3cf7ad25eaf3a5a752fb	1	0.028824000000000002
0211765ad35f04c60bdf9a66eb66a069	1	1.30829
02810f3f38edb6d5d6beb0a016212a2f	10	8.423779
02997d2c0cef2273510c27f62820f402	1	0.324258
02f8ab18f2c384d48e8fea62ed13b31f	1	0.264853
0312c20e525b167db0336a1f7e48c605	3	0.068264
0355cd11a467c5b756f7fbeb0b4c118a	7	0.098
03828de5195503be2d13f809b8a48c06	2	0.276134
038b5969a79d5d52ec9b1b2522ff859c	1	0.164825
039beb81213d85438bb85cc2e53331e4	1	0.295505
03e10b2fafce78eeb150767e589351c4	1	0.313157
04050859306d1847aadba761cf92d8b8	1	0.141512
0421852b20755df88093588e93062ce9	1	0.23517600000000002
04330f282036e8378588f5b33ef4b40c	1	0.560775
04428c54182bc57eb9b933548af8d183	1	0.478152
047bc6656e39bfcc4def062b73154ba7	8	0.010578
04db72140a141eaf111718acac41f943	2	0.42862
05d950d872d6f9adca50ff95267d3b2b	10	2.262562
06250e6f86c13152cc4833b5f310a033	1	0.357122
0677d9f732493f832161376bda44672f	1	0.80997
069f77e6c132c7cb765b14f9cafe679b	1	0.24686799999999998
06d039b41369083e54184574fea1b4bb	1	0.210511
0709c02c7956b0fd8680bd14e2e540a5	1	0.083578
073dea6f5a254faa661e7af2e89a5b31	2	0.199006
075d2053425fe115be8b3f3078c1cd93	1	0.021763
07613ce14c74c34df4970385ef2019e5	1	0.272098
07801cdc548aad651e62c058d18e3c60	1	0.12236
07a0ce2fb3901a7ef6b2f5f9e58ff407	1	0.222298
07ad6fbc3768770c2331e6f41f9eac5d	1	0.550261
08413a2fec5fbfe109ef7be63e44873d	1	0.084262
084fff6ecfb5822d337828b056204c22	4	0.088254
08646b3745e096e7775b5cdfe25b82a7	1	0.220741
086eccc732aa06f7bff2d127503da96c	2	0.13029000000000002
08bd43071a06abf56df235fca6655bea	1	0.000101
0938bb4d51f112f536e65ca3a17fd636	2	0.728209
096b1a57174f924bd073db2763aa2e87	1	0.635177
09dee013d3aaf24e0fb4826f5b1a6860	1	0.331752
09e785ea1bf3c8cf6fb3b75efaf12ff0	1	0.391248
0a012523df71955662c3d908a42411c3	1	0.27078800000000003
0a68ec564e278b0246c920ad7de41880	1	0.21686399999999997
0ad19f7bae72d0d81ed0fdabcf5aeb3c	10	13.922735000000001
0af4e68d8d942744d2bfc79b26eaf3ac	2	0.41222600000000004
0ba89da4495ca5757009a01e85f8c476	1	0.011073000000000001
0c3c6ad6d202442cb338db0fd8175bcb	1	0.448798
0c5d2114ee9993714e590b3f7cb4e9ef	1	0.033552
0c60118378861f8bb57e0f118e02d443	2	0.199006
0cae28cb2f256256bbfb6880bdd27823	1	0.465811
0d357c8195cc627ee014c3c5473a6846	4	0.057248
0da9602eaa48c49b7f5abddfd4d20bbb	1	0.035052
0e181556dd16bc629be4c1d633731c61	1	0.03217
0e42daf5e5f142d428aa227c09dc6030	1	0.012356
0e86fd0fe560c3e645ff88cc7e42635e	1	0.84029
0ef10d54415d609d3edc4c32a24bbdb8	1	0.630235
0f9f61b3fc6240bf37970afadf518723	10	2.581495
0fd83254fec6967e32ef39fbf05ee6ed	1	0.21796999999999997
10ee74835d4d24cdef35339c92a938ac	1	0.337449
114d90a4c8ddd9175e803c3490fcf135	1	0.321156
1165ab13004b1a4cb8b5f3063cfab219	1	0.06583
1285900fe00c46263f9630aa3fc8b8cd	1	0.139194
12aeed89c3365915ac215dd5eeffc7c9	1	0.10626300000000001
131dabc760cacbfea4ab8251122bb5d9	1	0.8775280000000001
1324b722c6ae1f5af4210a0e28f93b56	1	0.00015
13c56ab9862a03252a96441819f327a8	1	0.527567
149b4f429777ef5ae70836683835ad48	1	0.21796999999999997
152fa36dd4b0bb8f65a9c3dd58a81ae9	1	0.46963999999999995
154d6a12c8acc5d2e16c663e0a803d37	1	0.297754
15ef3553ce2ab6453f5cc6505c483542	1	0.46738500000000005
167a9b259ac5f1a7d1f53cd5739aceca	1	1.146867
1684ba223c85ccc9d5b5e142aede60b0	1	0.76157
16c6e5ee0506b7b8d281d349361df4a4	1	0.677327
176a1b73b56bd473e3496c103c4199e5	1	0.055086
1824b94db3ba4ad470b4ef5580939b63	7	0.09813200000000001
183f299aa155766750b42e8a2ac9f4a5	1	0.16526400000000002
183f66fa31190471d89523c3cb58632b	1	0.598841
18c9ae37b8d2dc21dd64595dff430d1e	2	0.136275
18dce0abaf0a3d2b038545d1e9536454	1	0.46284
19970ead855e50ce2d315a00a7215caf	1	0.278602
1a23272bda7dbd3bd12860278e853693	2	0.329773
1a6a23174fd452cd5daf624a1dcbcd41	1	0.552714
1a7458a605ea503c62ad96ab7f250fef	1	0.064706
1b098440b4da3e710786a5964d6bda2b	1	0.290375
1b121abf9cd29208c8c6361701e6531f	1	0.156703
1b999a706e413265df2dc654e80e28a2	1	1.462931
1c79e600baeffad8f27762755af186b6	1	0.481476
1ca47cd8d2ccb9a62c48c9eda6e22b57	2	0.12779300000000002
1ccb26d86903ccff3684f1f325ae4394	1	0.381718
1cdcce1f33cc356559e40f569ee9183b	1	0.053771000000000006
1d2f26a55cb964ddbf6d14055cde7aec	1	0.861017
1db4ce7546634a39bc7cece515ab2715	1	0.35876199999999997
1dde340beb7d42fd6e5f2d2c61f8c0ac	1	0.010827
1e26d8fbcc756cee9161bad5d8742b0f	10	6.075377
1eabe4c8773e10faf7234736232d6e8d	1	0.331074
1ec5c7f6950249325a3990bde63c730c	1	0.29457300000000003
1f0939f93f3d174da836688aa709d797	1	0.271059
1f7598cf6e2327044ecfce9696dc1b43	2	0.42862
1f8e9b2bf1c23201cd0f7ac8ada43a43	1	0.019365
1f9b205b5a7ff177f8e5c9c1dfb3bc48	1	0.178892
1fad71b176e88298369484644d2dc00b	3	0.208796
1fbd0034b5d4a47f37772b16e7fd8ef5	1	0.727379
208a08b90e13b04d2ef2f584535a2d39	2	0.00015
20a85289d5f0af8c4f5e31cc474d097f	1	0.757225
21212fe391e6619ed962955aa67648a8	1	0.26168800000000003
2188a264fc0c658607d2fefa8f852dd4	1	0.6038140000000001
21a7eb38047e0b05406b69dfb75de134	1	0.349505
21b7f46097c96233b7fcb6db636c45ac	2	0.240497
222611a072702fe4bd2974b5926576eb	1	0.535388
22b20be539c66db4340132f3b70fc270	1	0.29298
22b545cd4650317c5335dc492e3bf8cf	1	0.033908999999999995
237e21e3e998261cefbbf9b68f5386b4	6	1.30571
239c61e6124cbc17eb3f86969f73b9aa	1	0.081175
243bd20782d592ea60b0a1b7f8e025e7	1	0.23669
243ed55852f6e36db83293ec34c7e7ce	1	0.643633
246ccf2917bfc4d1b26a562b4011990f	1	0.239758
25ad452d4608156906fb5938b21ac702	1	0.33524
260138ef2256a26fa4d1ec1521c60c5b	1	0.518253
261a908c1ba08cbd088376ba4679c091	2	0.02483
26329fc1bda17c84d90b933c6813bc3f	1	0.5137109999999999
263e41ea2c25dc87bd2ff5910cf30d40	1	0.00015
264624e8bcd64941bb0e177116341e8e	1	0.467884
26abbde29cd5778e74e47749bcba387b	1	0.3398
271bede2a86b890a0972ba4237438921	1	0.19673800000000002
27277e586a34f3402d60348485fceb46	1	0.393104
2750722de0e98a374aeb5fef393a5a1e	1	0.171069
27712d2f128808e9b441d8800ad2d29d	2	0.078694
278437a2618a4b56edf0c8efa8b90949	1	0.78303
278d6a1575f7d88eba2015af14532243	1	0.16128900000000002
2808521580b6f0aceb956c4a3ee44868	1	0.12219200000000001
280ab39deebba21f36c30138023fb08b	1	0.143784
296eda6d33609a16a9f702f1dabcb36a	1	0.277713
29869a8572a44c780d4402d7e6cf17a0	1	0.21796999999999997
298bba9eefc63f92ccdb222c83e9417b	1	0.23081500000000002
29f4c7190d24cdf5342f7e013e09dbaa	1	0.122526
2a198d717ea54e495dc1d733e8f00f21	1	0.06956
2aafe042035a330731fd0582d568c282	1	0.692312
2ad7a249b441aa7c1803732f5b99f295	1	0.230632
2b2e7d7b652f898a838625bdab1c805b	1	0.057250999999999996
2bbb28b70c3a3757e48663f4d0003ecc	1	0.029736000000000002
2c25e8fe4e52d08269dedcc449066fa6	1	0.162686
2c2716178d2698985b9da5f2dc0ee48a	1	0.211213
2d0df9d3bc43e4e8414b44370c346fcc	2	0.212631
2d3c04d28713ace92edc5d43396ecd4f	1	0.44068900000000005
2d49274566d3c62c2fa064a00cccd119	1	0.42876000000000003
2e2c49811ea8ecefaae9b3a5781c0a7c	1	0.283515
2e3b6f0ad88630a8ec428d46091f8044	1	0.122421
2e64ed9ecb8b93fadc7e778f0f03ebe8	1	0.24364299999999997
2e6a6c4d9a0803584e8eec74821304a2	1	6.678541
2e8a2fe5c11859a7d4c5ed5e049e043c	1	0.067602
2e963f0da10d842900a9cd332a95403c	2	0.329313
2ea48cf181115ad3d465254762d66404	1	0.515842
2f8894d53ad2d0dfd868f188a5ea63e1	1	0.13383399999999998
2fc2674f9afdfb782cfbea2981fb0a8e	3	0.045125
2fc2870333e023c31f77cde3aa49f30e	1	0.44149499999999997
30ffd95eadb2cec88e235a4eab4d8ade	1	0.6976140000000001
3221b279140c38653004069e596362ea	1	0.566272
32477f1be11e82123b031c2955c4e50d	1	0.21796999999999997
32636115025f884cf2a2624ee4c890bb	1	0.196996
327e3be7a921f46763e9307805211c9a	1	0.111517
32b2fb70fcc31967b0dc9bdf7cf5cc76	1	0.119932
32c70664021b10f88cb1e63cd1331bbe	1	0.0529
3313f356988d13722555662543d3364f	1	0.565051
33df2905435001411074b96f06d21f1b	1	0.628648
341b2becb4e430fc5f72caa1c4656772	1	0.468157
34239f14f57eed8a2971a240df604a06	1	0.011565
346dd1e1f1d4684b1eb49c6187e51e5b	1	0.049777999999999996
348b9ec4d7fdc1c133c1c85fe65bd39b	2	1.304958
34ab7ef3ba4054e118b7aa33e2a8dd6f	1	0.45931099999999997
34b7ea14140636d0f4745d748bf62852	1	0.011066
34b9c5d82337e8df68ba0518b0c40f75	2	0.051244000000000005
351414fbde6ac367fbb072c7339456a6	1	1.446359
3536ac248436e8c5e42bef59550f1a6c	3	0.0183
35410deaa3a7426c1fc1d78af5c1a481	4	0.127584
3547ad99fb85eccb45beb20ef8d9f744	1	0.045033
3562d3a0374b9f2ed190c1a7aa7dedb7	2	0.009164
35990c7f88e9e729494fd8f9debe063e	1	0.177611
35c0a7dc01a91c88f93ebd047285e787	1	0.502633
35c4e9ce5fbba407bf94a48774e48733	1	0.21796999999999997
36023733eef834ee1c00240904a1ff98	1	0.6105229999999999
36334bc0ec0eb6e0bc4b1cb3baf1d958	1	0.325574
3679631e2f2a3285f3be035d8d7cfc9a	1	0.265232
36b030a096e3fc48bc568b5ed78f0cf8	1	0.113499
36ddd2c07684ac8a13e1ea753c095e2d	1	0.110626
37039d713cf162569fff657df0aa3db7	1	0.547172
37606bf1978e58b4ced0a78d6a01a03f	1	0.114699
3775d3f6871c4de5574b54cfb75d71fa	1	0.822155
37b14a90bbc4c2e8646c584e3036e884	2	0.5397270000000001
37eae7925b39f9fa9b26181462760563	1	0.325574
38379288db02e084c195974a32fd0290	1	0.023155000000000002
390267d0cfabff398e94faa6201171f1	1	0.073766
3947f662165b80433b5e4724694196c7	4	0.027293
394eda29c886632f514dd94b58381186	1	0.030598
3aa88cb3895a519b518d91eb63378f11	1	0.26263600000000004
3abfc36a0e0cd4b3cd4cfcf2839dc2d8	1	0.380753
3af9cd4c36c0c73dda7439f986f6e2b0	1	0.3184
3b4e38f4dbc75b328141252e8993c920	1	0.468157
3b6e6ad35c7f36f09367b66832848029	1	0.13214700000000001
3bac14d2805bf995afe9d316a5777b1e	1	0.051966
3c18d8fe77fd4d0e6467db2985941519	1	0.156363
3c2a5cc0d15de7909da81ee17a0a4fee	10	8.204275
3c70bea706769627e524c02a8449f187	1	0.6707529999999999
3ce076d48c309e777cbb3bfafb9b722e	1	0.428287
3ce2ff40e2a8e3c19d63023ee24734e8	2	0.030931999999999998
3cf3c2c41dc63c196b8add9d3dd99b28	1	0.106228
3d050f6d888e2b6b36cecd94363b7bcd	1	0.27866199999999997
3d147b327ccb65d9992962e4518e4ee7	1	0.021583
3d20d937f3656712eb00fe3bab828662	1	0.079603
3daf1be9fe5fe47c51b69a4af98e35c7	1	0.034968
3e059a5bb93a3f2100ec49ccebc67c7c	1	0.029481999999999998
3e3e9668457840374f8047ea1cc5c9d5	1	0.179886
3e5829f60812a69e5ba024e3c0e1ef42	1	0.037004
3ec106005d6766f6aac4425a1e610ab8	1	0.40168400000000004
3ef2fbd5d51b758d3116367a9112ebd6	1	0.21290900000000001
3feea5619425837e5bff03adf2360738	1	0.329032
4025a2ac5fd063023c90e9aa6c6b15c6	1	0.20289000000000001
407fa78867bdde0dcd2b862f4ceefd53	1	0.66242
40a938774bf833262c66b2ac11e1b09c	1	0.01102
4178929e2e89d00e7e0bfc8f8c22abbe	1	0.154372
4199aba4ba5c9e17ae8abdd236535ad4	1	0.35707300000000003
42a08d50a93103e480b918db17b9098e	1	0.675521
42f0ce4edee67b6f66872ba58d1652a8	2	0.167426
430e70f3214827e8f8d2c38c669cebc4	1	0.6817310000000001
43d2c71a454710a99a26ab9c748cbbeb	1	0.04532
44fcfc83c1ff8a5e50a57c50dd9cda88	1	0.423862
45102b66ad393f817b468196bcff0381	1	0.286052
46368aeae0d2b176ebb57ed7e4fd3957	1	0.537201
479476342cdaaeee40e21b70717bf67f	1	0.44149499999999997
47a6c3d4b77e22e2363b6f567f6b6ff5	1	0.06253
481c7f8e2c1c3f5aa0ae749a609f3353	2	0.500851
488b42d00c6ade8080dd60a88af69e5b	1	0.616741
48a6a0e363dfb3823afdb092a0bb834d	1	0.094887
496778ff52fce3350fd02a26b7c1a7e0	1	0.447499
499f1c879aa937fd84ec658999d69c43	2	0.079479
49c5d957e3825683a92d63b57fff6e63	10	20.859081
4a0f44287c75ec50d4d7ee5d59be486d	1	0.505173
4a14a3c1c2a7b06c576e87e9c763531e	1	0.00015
4a4461f1bb5594eb2307da3b7398bd00	1	0.049876
4a9bd6b827996ba9bf1f8815a564beed	1	0.203775
4ab05a37758480373356e71caf26514c	1	0.48580500000000004
4af34e31f4f29f5372246db273985eb8	1	0.011119
4b23c03685f7f59ebac7fa17ad789062	2	0.403837
4b277e926183e6921c318df4b87f20e4	7	0.035233999999999994
4b2c75121038e65739dd69c90eff1a09	1	0.286494
4b3c7184a1cd7e87636a227eb632b23f	1	0.180584
4c4095adf81f471e477f3080885d7eaa	1	0.33574
4caf98b02527df3ee283cff80058c4b2	10	6.30135
4d5e283e281edd61f721ca2ad8cbc2c8	1	0.559371
4d8d705dbc4b78fb415505c2701c4941	1	0.176697
4dcf54be416cf4fc763c2191ce2f83d0	1	0.26995399999999997
4e2454f5cac15f25f7da0ed0c88139a2	1	0.319914
4e29e762f594bbd505e08720d0f19b22	1	0.401217
4e612f01b81695602b229b436f7738ca	1	0.075477
4e8cc442d89b253991dd0be8426ba5d9	1	0.352286
4ee16f924a58f3d50a57e9b5c692f1c8	1	0.098142
4f063a013faff563f3b7c3690ce38d2e	1	0.590939
4f12edd022aa9956691032c589d91ac5	1	0.249477
4f69b6882fb15101f29c0bfc99460819	2	0.288514
4f6c824ca4242dbea96ce73e1a822844	1	0.501151
4fb93d774873d89d059a96fc9409f906	1	0.532632
4fbe4feb053fdf4b2e54a2e88261632e	1	0.226751
4ffc84301e7cdc97ffe3d308b92805c4	1	0.570679
50023f3556dcd9f226f7fab006ced822	1	0.23125700000000002
507168edf1892b56cf7307c0b131b77f	2	0.37529
51090ea69fba03d1cd2c9882c37aeb62	1	0.482396
5249a8f58692a99d995566664c8d4fe2	1	0.10361
5288d7bb397197ac423fdc60fa9c15be	1	0.044821
528bf22a118744b29d511026d15eb490	1	0.685998
5292f29cab69c370997bcb039ef68d64	1	0.14365999999999998
52ac1b4cffa20678d64627cf12dc0886	4	0.371413
52df00f92acab3e7b320a67ae6866d36	1	0.033014
532ed4e41c0fc5c8b1be5b83505b48da	1	0.13231199999999999
53876a5d233695e55bbb1f3448698cc1	1	0.123859
5392c911d92ab4164e538d1439d1e6db	2	0.42862
539a9f3b45bfea12b60e6b356d2dd12c	1	0.077702
53dc7bde3e6be2391ee9854be79b0eba	1	0.203809
53fe32240fc2859c9d8ce230b4212b69	1	0.156401
5423e751b89a2432c953d9ef6fdcda42	1	0.44068900000000005
5448cb1cbadfdd76567167502cddb0a8	1	0.14011300000000002
545004eee5007cef8297d93aa22d5975	1	0.424087
549482182dc3ab964cef7ea4ca4f82a6	2	0.250327
54a644963177b0d2877667ce02d4dc65	2	0.236092
54bae818f5eedb1d62b8765ad2ce8910	1	0.7639630000000001
54c6ebf7aa3c0c084bd639bf21933f92	1	0.237504
54fd06bbf572d2ede42a9f540a50bb64	1	0.033951999999999996
554d4400b34f2ed3111f7f741a53a7e5	1	0.17213399999999998
5595f1ec116d3730c8964978cd2c79ca	2	0.04337
568b15ecfbae53338977ed2dcaa6c810	1	0.706616
571a9a6ddede3d56965e582794aac07c	1	0.266023
572f06c3cc65f3e95ef57f05acfea074	1	0.347695
57612183ef1bc4afefcfa363329e1611	1	0.12001400000000001
578ad1130f01ff55783a3eabcb8c1a8f	1	0.035824
5803a20c82890451d579a5f40c502cfc	2	0.18160199999999999
580b9c1004db703b981c7d7c213c4812	1	0.609082
5870d0b2749e0781da7a0202d1e13ba9	1	0.65818
5872bf9b7c94bb15a69201327c0b1ad6	1	0.318129
5910f0902e6486f369f963096dfc5b54	1	0.319538
592ae05cee1967d9d4af52cfefa21bb2	1	0.117302
5969ce367ed9e7ac0ac3d33a96ea1616	1	0.288555
5a0985c47244e81d35870049bdf05ad3	1	0.603831
5a6209d60845887a71603f69b68da126	1	0.37595100000000004
5a7b6d4818e3a601650c83ac7eb44211	2	0.208529
5a7bc750ea80993e0aa836ca11d00d23	1	0.033145999999999995
5a9e77571d64c3be6a7cc578e08f9221	1	1.462207
5b07b1f9477dcbaec795e07cc0dd27e6	1	0.170234
5b95c4560c2cdff91bbf9369d975169c	1	0.617534
5bba89c7b61216f536106f3ba877d786	2	0.422271
5bfa4552a368a57751c8ceb9d4ce1948	1	0.37135799999999997
5c5ced5eab48318434e348c8fa3edb62	1	0.288602
5d0436d293afd22182921b4cb0473119	2	0.21058600000000002
5d0452f59e9a3f175a766c6fea57c67c	2	0.14597100000000002
5d2ecb3588ca9b69d0dedb0a5a1b2fe5	2	0.724375
5d6830ceb6ff62175bf27c281fc86a36	1	0.524637
5e160fcb069f0ac9410412d37fae88e0	2	0.20848000000000003
5e7caeb5863a84bbf07219b0074431c8	1	1.1192520000000001
5edf532036eebd3ff595117346a421ed	1	0.061466
5f191c7f9319a72f28f752cf7a722af9	1	0.193088
5f718a7650aee473627dd8b87cddba0a	1	0.063374
5f868e1bce0f81c2906457605dafc569	1	0.16544
5fc707bcb5b29f19ad1c97279731ce60	2	0.13439600000000002
5fe97f79377ed67388c2db68125c369a	1	0.32992
602689442a49f4a6ac7b31fc389f451f	1	0.393104
617799238d6631e7a09b2f71b6086b20	1	0.14457899999999999
61ebca53f5a21b917d6c364ff652e031	1	0.060333000000000005
6239f5366759a3186084341c500a21c0	2	0.240056
6272de1fc431e7e8158a31fa4dfbbb15	1	0.012123
63d93aa30b319d9d9075c02564a2edb6	1	0.939124
63db493bc31bf963dd021250507c8180	1	0.144296
64b28b29d82b4a13a6ac5ffb24358d38	1	0.068742
64c493c9e065704efc127ad6dc4f8af7	1	7.4100660000000005
65d43491988bfe557da4d86a5ba25dae	1	0.000105
65d7d4c2b845f38c64f5c560b23c2717	1	0.537826
65d8eb0e5bf45db9a397fc4978b7eca7	1	0.10654200000000001
65e09736eb52db5903c450fd5a1c31f0	1	0.330916
65ed3751924cc3f39c4afc47aeb41da3	1	0.223162
660b9c56cf0727171a6ad97ee11b014c	1	0.502158
6616dc3bd6aeb3e26b9b2218290ea574	1	0.047462
661f3940d17c61143828e2b535cc7835	1	0.277779
667e4d0e3e21b20fe01b66fee21c1ff0	1	0.48323299999999997
66db8b6081762555854c12ffc9c57ce4	1	0.49310699999999996
6720b02b5f038d4066030519eed9ebc8	1	0.329875
67826f9bf05d208eed64d88a42cff906	1	0.212223
67a7b837be19443f636c2772b084b4b1	1	0.568749
67b0cf6af26b9fd959d860a52a65bc58	1	0.012251
67c85c216db5fc0a57a5868d62d3a8f2	1	0.293941
67d1f6a21cc9c809a69c93a5f1b32766	10	58.097984
67d66fd29bb17e7f1c6e592d8e903c96	1	0.021943999999999998
68092fec0d91fa279a0fe9f2b6070533	1	0.06126
680d3e9a6c336d0da6f11b992eed32f8	1	0.589427
6825e37530eaaff6fa856e922642d560	1	0.532183
68306cd3f54ecb4326ef741dab10b86d	10	6.7667720000000005
685ab1f4b3f21e9e4a095e9a72192d0e	1	0.760884
68601e03e831382d880988fba9ef036e	2	0.42862
68b9ce06fc98f29759c01b03263a5d67	1	0.012655
68e85eaea8d94f9ed998baa7061f7af3	1	0.171767
6909d6f387c8ae75b5120a4ee4bb90c3	5	0.14375
69dd6d1149414afa9e66d169e62c1f44	1	0.29454600000000003
6aaac37f56d07ffcea4fe9ef1cd00d2f	1	0.00015
6ae1ccd3e49fdb34156a22fdd15fc4bd	2	0.106011
6b55495b3a198ef79b85a56d48db1ab2	1	0.273878
6c84e1d3dd87eb6c5f7925c54f654305	1	0.23387600000000003
6c9252bf4d6cad95ab4707a460577f2b	1	0.37754899999999997
6cb1546122897c58237814d5b617f494	1	0.254349
6cb78676934d624d83f7293afd990b78	1	0.208668
6d5125657f968c2fa0c9a38df0299856	1	0.6631640000000001
6d6bcc275e99d76c5dea3c4d7effd0de	1	0.7491869999999999
6dbae25a431b48a6080ab0b0245251e3	1	0.496775
6dd60e99abaff1597b0a368cfa2738f6	1	1.165325
6e0f21beba4fceae378d9efbabf9083c	1	0.050006
6e33c78010c28e8e26262e97fe5fb6fa	1	0.188113
6e42b3359eaae430c7784782de0bedb2	1	0.330466
6e5afd0e91ef6639f35e7a8cddebfa77	1	0.7330979999999999
6e63325e1d64c8f7cc135831757b844a	1	0.691425
6e94b0651f50679ee938d16915b95087	1	0.20289000000000001
6ee58127f804557f90c48e9422afe5ba	1	0.307622
6f0f334559b46cf61fee58c4ffa12c7d	1	0.467383
6f6901a14b784fc274f12d8f654ca64e	1	0.345263
6f6f1d157c6486929b88925369f15105	1	0.127065
6f71e4c50549994ff9f52552cb6da073	7	0.060057000000000006
70dda0dc3adb1168bbda002daec1d593	1	0.23081500000000002
710b9b569ff47d1cb85a3f1fc20a306e	1	0.262112
7139335b3e1b773ac98ca57007d0be12	2	0.022113
71f0b9e01f65212efe1a5aa99b67936e	1	0.394975
71f80f9c7217229d119b120c15f2f913	1	0.18248699999999998
72294178aa1b28b6296870c5eafa24e0	4	0.00015
7243e728fc01f0800d167b0bff079fd3	1	0.21796999999999997
729833d6acec1576dda09a91d2cb8922	1	0.3005
73607a0ef2bd34ea8c3bab8b3d05c7e8	1	0.452701
73b4d31a6f8da3205778bbd68650f738	1	0.112943
73d4322dc9a0a7e64732df04f0767d28	1	0.535572
7416043900bbb39ca1180c28408f98c9	2	0.22107399999999996
747ba5c2fd3e70c6c2c2391d6e3033e8	1	0.41230900000000004
7493d1aedb2c77d663590d82ec640fd4	1	0.020056
74dac7926f8fa89a1c7360f52c14e3c6	8	0.011635
75076f8d142930dbfa8b4faeb5e03fda	1	0.325574
779717ce722ecc46b59eebb8223c6eef	1	0.691232
779f879899163b7a49e0179a018b20a8	1	0.144151
786e44291f5c2019f45091dfe4fe97b0	1	0.096934
78b6368ee4c7690ecd30112401b3bedd	3	0.022259
78db7fa6b16b73b101fbb8b282b5330e	1	0.030297
7911816f5e81f650f769aba0d5c708cb	1	0.014177
793db5586ce95d9cde6b3d0093069d9d	7	0.11001199999999998
79448d7f8c62fd4c1ca10f858a007499	1	0.766309
796367f663616f301769fdb76d2b700a	1	0.37403200000000003
79782755a18c72d86cf07428121c811d	1	0.069906
79aa7745bbec2962a7c395d5e35b400e	1	0.529544
79d58890a2f314d76248e01cc1e5516d	1	0.319062
7a686276ebeb594d32ec006215351152	4	0.446478
7a6f88da04c30ea567459b2485c22cef	1	0.100208
7ac44c9714136cb55cd84efb374c3f4d	1	0.277713
7b80ba3c1db97a3d8b4ab17896e4008b	1	0.336782
7ba9878bdb13204acd3e844d680aa300	1	0.547097
7c2578e0a2e9c89ec9a45d35201b0364	1	0.32119699999999995
7c25a317e9b0eca0e91b26d466981c43	1	0.277462
7c42e392c9e68e6de5e7edae24aa89c2	1	0.620125
7c4adf0c3081967b549d55e7d0883eec	1	0.311481
7cbf1472ea240da14c5f9fe6a26c5488	1	0.044525999999999996
7d2e483d4df58d353aab21042ef64788	1	0.589589
7d8771be6307597f7eb6a235f37c8a23	1	0.21796999999999997
7ddcd8ebdc99d1ce9af6677353915944	1	0.046462
7e28e13acc51011f35830fdff71c3e1e	1	0.889107
7fb90deff7e4c9d723398463bac7c595	1	0.009170000000000001
80b32a87fb0f95908a84d14558edcc72	2	0.212808
80b90b16d4654b38071bf28504d29f5c	1	0.37506100000000003
80e4864d206aac196f534daee8dc81e1	3	0.240971
81a543aefd4e44ac05c59c58958bf53f	4	0.084855
8227c7bbef71c265dadd57ad3c51fd12	1	0.274401
826b7c3c5ee5a4c48d89f3042b67d4a2	1	0.029460000000000004
82dd7fa93d8972829c5c7137416f9b2e	10	6.076357
836be0e112c941cc135163482d78de44	2	0.116374
8397c4a762534a024eca997555699e1b	1	0.06753200000000001
83ab493daf271d64467adea6006914d0	1	0.536961
8436ebc964ff1d924b25febb74d709c8	1	0.519155
8456786ff551bbc78ec763f011b88b89	1	0.165653
8535972a62604defb47b5bd511e2f8ee	1	0.237992
856aa1e5a457ef5b62c6f1dcfc35cdd0	1	0.16048900000000002
868e0165fe32a8925b7f20afa5e1dbfc	1	0.054166
86f63e39a4dcc396cb0e3426c1581ec7	1	0.09261799999999999
870b966a0883d385cc94811f3aa203bf	1	0.20289000000000001
87a1c9af8d96350caa3ef6123a62d22a	1	0.295385
87a8619395aeb9df862f65830a1f599b	1	0.22426100000000002
87d963f32e90ea150761b99a2c6a01a6	1	0.16401
880be4cc5c758f86bf6e4df2118575a6	1	0.246825
885c2e25906db72af16e2901b5aff5a7	1	0.11981099999999999
88a0fe73ab9b909a4c5a2ba0ac94ed5a	1	0.277253
88bf84718d57511ec5100976bbdcf65f	1	0.03821
88d23204e93d522f83bf0e8b3c264b2a	1	0.6280680000000001
892ee555914f8be1ba64a09d08156815	1	0.570779
8931f272bf7372d878da26f0238f91a7	1	0.21796999999999997
89d397072a79593892357b402f75f1c8	1	0.745082
8a23f4d25122458452a8fdc5b988dfc8	1	0.017079
8a2be83c9724897b972119512337b0ab	1	0.44304
8a8ba7971e0e4cc5ace6075d947eb410	1	0.31440500000000005
8ade708ae50b3e1ba51d4921a2e6f9ca	1	0.199023
8b68d7ac37db3af4c7e4ff1d820fc947	1	0.595327
8c6c5d3f7d542f065f056fc05b1a7f8f	4	0.502972
8c78ab6d2558bcccdfb6767cd7f5e99e	1	0.381615
8ca1e69dc8b2a7af5b9069113c13255d	1	0.376969
8cb4ccd83cb9625c4d095d86751ca598	1	0.044969
8ce12e88f6b59bb09494567f0d678092	1	0.031354
8d703908c09c7cb0da2a4398dd74f9f8	4	0.050676
8da60f36beedf1109ab00ef120e210af	1	0.353554
8dc2f6816d0be45c11a98cd3f58fc58b	1	0.212234
8e175abe6a746b8f33bae9cd7c8192bb	1	0.012242
8e56c99e8e13c966cf944a0dc6ec7208	1	0.21541799999999997
8e630e0ead6c3519a4febdb9db088f2c	1	0.19411199999999998
8f37e04911ceb1da0b8d247cd086241e	1	0.568304
8fa4dfe9e1aaee44c2e7ea7cf2dfee47	2	0.82375
9046adc71cd85ba21d1cd4167fd28539	1	0.5263329999999999
908101f8d81ded3dbc3c3a717192ea17	1	0.12331800000000001
90905bac2023a722b0f8e9f0e2f779f6	2	0.39863200000000004
90a53232ada4a128768b604abf3f647d	1	0.22086799999999998
9147381c372541fbbb06ef4aaefe0e9f	1	1.133742
914c6c0decde68ac84bc23e78eb32710	2	0.208783
915e83f9365a1304c8de2402be8bdca8	2	0.444117
917b42e7601435f06fb75707464f90cd	1	0.44827799999999995
918ccafd4a1673da55ef14243432bf91	1	0.5215380000000001
919d76173023ba0d937e00473b6875b3	1	0.306109
921bb47be7d5224ad6d650ba2e19858f	1	0.297754
9228d96d46cfae0edcbb1fae57b18817	1	0.386732
923063b66d02bbef968455abdc59c2f9	1	0.7017439999999999
92bcb80ce2697f6b8a60ed13c833ae83	2	0.42862
92c5cd0afd58c3148903035ae256049a	1	0.585246
92ec82a6b493a0bd79e12ced552e8d7c	1	0.019452
92ed8b9530f89394ebcb840db1f29305	1	0.364669
92f047f5e503f62d5912aa3e91431883	1	0.689493
934b8e7ffd25af81f6d2835c526dec18	1	0.709087
937b2495e5c8ea8b7fccd4f30f2dc48c	2	0.334493
9392b59d3bd60c070e76c7ec963e1dfc	1	0.058021
9394a6ae7ca6e90bb384bb0df85354f6	1	0.316396
93c855814dd4d6e88a6fc2eaac06e097	1	0.36576
93dbe1a208f7830cd711cca1a25d75c7	1	0.32679400000000003
940c5c7f5d291961c87dd25da8580e29	4	0.00015
942eeeb63e3a0fff5fa27e1a16d93fa0	1	0.268574
947caaffdb51fa77301d954a02f56bdb	1	0.381718
94d5baf00bfbf3d45a2c16c47bb73b65	1	0.426875
94fe820f2ecbd7ef6200d63f00ac6191	4	0.088188
95843491960aca1e8711413e4bbbfcb4	1	0.011048
959a788e6fb7de49607dbd35b4083062	1	0.05385499999999999
95fdd816723ca482a5caba10bea171c8	1	0.000101
9618236214d1b5fc3e5e12d7a8130684	1	0.185283
96261dba10f1f2caa5a5f231ce96da06	1	0.21796999999999997
964ba66895cdcee91b0925319ce72574	1	0.256052
9727aeea1f38302e45e933c7f2a51f31	1	0.06311
9735a8e3a4df48b2ae77a2e9308812f5	2	0.376052
97a476e37be6069c3e34d7b7a12643d1	1	0.372842
97b13048fdcd47731760b7c830c61990	1	0.090365
97e3d256f7d0ccb4daeafc360e89214c	2	0.089986
982cbba03f200cfcb237e55fe8e2cf67	1	0.256323
9858ae3c4bcab15a1a1d586ce7af1256	1	0.047427
98a639c019e49048ffc6027eefefd393	1	0.339067
98c51594fde127c16277f5869a241170	10	2.796508
9933e4b7a95c6670de1391198d782000	1	0.555045
99687874d6cc4a55d546d41c7b162da1	1	0.221146
9972a705def9d2bc29448afd352b22bc	1	0.150286
99deb3c5ecb022ec05609ebd1112a557	1	0.030167000000000003
9a066ede1cf6e897000378f57754bb06	1	0.552262
9a5b7bfb588869af8f8d822efa3805ed	1	0.622838
9ac3ba0ffce474ee875113d6dfe6972f	1	0.374093
9b616406ef1bc532c44d226bd06d0962	1	0.167599
9b6e8a6c37ca10f285087c9901f06bee	1	0.333946
9bb8e799764b5b9e3c0f09cebb96a6c4	1	0.176697
9be79137deae3d1b144b96c452427950	1	0.037556
9c130181cbc4b6d304c6a95c662d1c21	10	5.97503
9c6a54d52c48473657c84c2bf255407e	1	0.021941
9cebf2a1ad067d9a268a85f245744702	1	0.10701300000000001
9d8390c2c4e3ebbbfc7da1fdc8c797b5	2	0.090852
9daadb87ee1092fcea3b43c4faaba3ce	1	0.021721
9e2292c0d63cb1dac6d9ebf1d5c40301	2	0.22272199999999998
9ea61ecc828bc101ec6deb7631e28394	1	0.193406
9f691288a5e9bf213b5fcff300dcefac	1	0.368668
9fad0e97961eaed64ac123e21461a9aa	1	0.10918499999999999
a038a8631ea6d122fd8d4f7aacce7ced	1	0.343927
a03b0a990bb3bee950dfcd6916c71d7c	1	0.9185270000000001
a0987d99ba73e63ed179613367b3166e	1	0.06700700000000001
a104ce06f1cc87ceee89cdddb9ca23bb	1	0.357543
a1b60bbeb789fe53549a240e52adf087	1	0.18381199999999998
a1f43a1c8581870d8727bbfb72748dae	1	0.389909
a253ff336779791665423c6b65dea6a9	1	0.032236
a2920e356af59282aac70ec1f224edbe	1	0.032729
a30697dd9e9f5f6cc44fac2a2869b6e4	1	0.07686799999999999
a338fa1b66a28be822049093449dc9f7	1	0.085333
a3595435c3205f8e0630d087bd0f0f1f	1	0.081183
a3c42c40ccff919fecde3bcd28a45ea6	1	0.928742
a407e41fec2f81fd6a6d42efe2b8b263	1	0.75897
a46c68ade453c5b8cdc418a30ff62c46	4	0.151524
a537d8bab85c83b0e74c73c55790324b	1	0.000101
a5d6195a653b9bf8f9e033830ff95f2a	1	0.860925
a5ec3361147654ec243795401dc077ee	1	0.14842
a69730f61129932c1cf669de37610b2b	1	0.728166
a6cb5e2f6dbf7c59074d8fa7ce0dc537	1	0.5778399999999999
a765495a981deabd2c70f9e666408aa3	1	0.088515
a76cdc8fd27dbf9f9d1e55f67207c31c	1	1.1966510000000001
a7b2ebeb585c5a9437a670f13d3234db	1	0.77066
a7bd24e1bbf65efd91d5325f3600d22f	1	0.331768
a7dbe945b80a0ceb4913b1b6f700f9fe	1	0.277462
a85414d00d7f63d6e200967b1ba7d397	1	0.00015
a93e5ddc25eca21fbfbdb99d40634ca7	1	0.118318
a974163221c5ed0c6dea5bfdc1b8554e	5	0.036832
a9b24370bdb02a8ee91855de7b8b2813	1	0.097825
a9becbeb236e85aaff8734bd7b01c3a4	1	0.338533
a9cfc539515dda4a0bb4a3bd1875cb1d	1	0.22174499999999997
aa0ea80a07b6c1077557aefd7042f227	2	0.00015
aa168e480bee163ccc6d1a8c8d5876e0	2	0.459241
aa8db66f10070ff6005a497214bfacbc	1	0.256267
aa95677b33d6baf3da14dc4bfd5d120e	1	0.209452
ac3791927e5485b6e2d3197190ddb46d	1	0.00015
ad04e17b3cc89710db2990ca1d991a3e	1	0.24822600000000003
ad32c9dcd9d95de541d1a00665de12b3	1	0.011529000000000001
ae1db64f1890c167c58181fd9d66a440	1	0.092967
ae87e9444df0062fd2706a4f3fc228d9	1	0.091022
af1a87e78c1ab6f46c48850f6edd5d77	1	0.402588
af56fa4c7a847e02dc6c4d09f40db6f6	1	0.062606
af7aa0fc0488b52a0b2f03b235837079	1	0.084409
af9a26931196624149639384cfb96e61	1	0.336373
b144fcb50d1ec9352351afcbe739f871	1	0.311481
b1b15376f19c06a68dc13fe7d57cca73	1	0.44068900000000005
b1b735d46eb91601c81f18028b28d118	1	0.487299
b1f9a18ec67ee7033e056fef0de4ba71	1	0.686533
b235b403dc9c51e4b4d5bc0df48eeabe	1	0.328477
b238f4cbf8afaa858d46ebaab89a8d3b	1	0.6507350000000001
b2407ad4cf16afa8ce10eb5fce669f4c	1	0.6155079999999999
b27588b1e5e6b40a4bfbfeeb4e0092a2	1	0.424387
b295a0586e0acae2140a9ed904bdccad	1	0.21796999999999997
b2a35d3ba80a0c29715f1b085dba6971	1	0.453819
b2c6b0431b46be639712f85e8d884f20	1	0.359338
b2f3eb4e86e295b6737255161c09fec0	1	0.6207189999999999
b302112b47908a8ae46671ccbc9bf27f	1	0.33550599999999997
b30942209a6c885a322c60b7c077fbbc	1	0.098534
b366d66ee2b98fc31f0144db0d139f64	1	0.208527
b36b7d03a2a3b38be6906e5ae0961b12	1	0.277462
b37f3b888f1361384668f88ac2a08cf6	1	0.021959
b3fa69f36db55f7ab10af40b3d7ce980	1	0.067176
b432387a5f999a96262e8bd8880271dd	1	0.160427
b4d14d6a143117a6989e10aea766286e	1	0.348801
b4ea64d0e92614b85b0cc5a75819ea63	1	0.7468670000000001
b5212b1bfe6fa584d72323dc62ffd050	1	0.706697
b596fb16b5c659b1bc4fc40001a85486	2	0.010719
b6ad731c0df4c08f5da2d81aee5c1463	1	0.31749499999999997
b6d9926d8400703130d02f023d8ddbef	1	0.137664
b73fe27a02f7b1822ce7abbf4e9664c2	1	0.314302
b74f5c342385ccc0d33751f92666f415	1	0.29298
b75a4534773e504b1eaaa291f3626416	1	0.506803
b77cb1ea7a01a1b207db7c505cf6888a	1	0.523992
b7d13fb43cf1e0c0836d2101ae3d58f6	1	0.192338
b8095b4ba1c2ded47680e4474971a433	1	0.249477
b80ddea262b6141fe7cea9e638ad4df0	2	0.22107399999999996
b883841defeb6cac05cfe25ae8968088	1	0.518954
b9d9f71177c2803c1003149b55e2c421	1	0.207063
b9ef3a2088d3614dd5f61e3f379b991e	1	0.7407060000000001
ba36d311ff7eb649b821bf4a5ebe2801	1	0.667806
ba66e8f5505e97ef6a458211c5c26bc3	1	0.066393
ba67f1a0ec14bfce4e3b1fed9c532374	3	0.099473
ba7e77178cfe6c3459431a7b0a60fdeb	1	0.29298
bb38fcfdc21569c9ea7e4ea2ef4f46ce	1	0.050998
bb58b3b62010c3717b856ab277e5c60f	1	0.135345
bbb0b6504814c5fefcadf5a1fc71e2a3	1	0.17913099999999998
bc0cf1308966874a6f706a767f5ef3a7	1	0.587997
bc56a7361c9a3b49f1f1c51874321e12	1	0.051585
bc62bbf6ba57801e51c31667f0ae5b2f	1	0.732611
bc723426965e225d7ab3ab8f537573c8	1	0.533664
bc914fd3e946baeb09cc1cb9448b81d6	1	0.034089
bd7e0ad74eda8fa1477cf524f4f19e6f	1	0.035833
bd84482c7bd7d38dc6e93b52ea3afd65	2	0.22482800000000003
bdd61a72e7aab516f0b4d6417e0ad0a9	1	0.293941
be2b7c102b020c2c533e27694629b5bb	1	0.042748
bed24075b0ee2570e21b8d837d62a677	1	0.29298
bf250195dbccbb17ca4f7d8f9a9c8538	1	0.517701
bf7f0e10c5f2e220d435d3419595bfb3	2	0.445288
bfa8dd1e5cfe2ac6358dc8091cf90dcc	1	0.08026699999999999
c0066a3aa61ceef10b78201d074241b2	1	0.748923
c018ca2fa032e8fa704c604d6d5ac41a	1	0.07203999999999999
c03a29b5fa38971355a377cc6ee0989a	1	0.763161
c1ffed8b49110efa199ae020997f1e77	1	0.737338
c22b16cc6108c04f29fea3b6d4c81571	1	0.13781600000000002
c24754975eb4515920cb02e28acd141e	3	0.152187
c24dd4fea293e3c349a5c180036d8e4b	1	0.363967
c3c32c0479bf4d183832a2e3cf235481	1	0.031725
c3f1abd3ef5491e3a5ef3d1954c14862	2	0.161274
c40b3015450d858d5b062f9d7d5949d5	1	0.14064200000000002
c42eef5a0e994edb4a0526dc6587583f	2	0.192297
c4eba8969d836f5a8214c4611032d85f	1	0.685331
c584ac3a9c42917ab7181735e8f02301	1	0.699078
c5f1d88c1958eb9e94f80c8fe5c4104d	1	0.078598
c63c452f2298b22c119f09d8effe52de	1	0.189447
c6c3ab4e828fb40d6e05967b7aac9338	1	0.00015
c6d2140bcbe9ae9500cbce61c23b7611	1	0.30875199999999997
c6de57207b528902fc5d811da3cf8173	2	0.270914
c738c8b557f58171343c816dacbfb12d	1	0.140941
c7620f954237dc3d2d7e9e3557d1066b	1	0.010787
c8b3c77f0a2a03fbe26554fd9ea6583c	2	0.22107399999999996
c8e977cd9e970c4601e61df2278b6152	1	0.370529
c9381149d4069b3e5ad672ae0be3cbc5	10	7.205724000000001
c941d009859358c8bf3fd74a70e9b813	2	0.260234
c9ee01b0325d88ecc58a55c25bda2cff	1	0.073527
ca306af25784a3e31f05a49625ac1ffe	1	0.338533
ca9c66d47347c03d0343d6fe03ed8636	1	0.040979
cb267734c3674db79f18e594e3a7b789	1	0.194158
cb789dde30ba0c0bf7888ab1fc960860	1	0.7885770000000001
cba690842a014de4256fafb32da9a704	4	0.12409500000000001
cc674fb5ccda2793b6d19603135e7c2d	2	0.055423
ccbfc93dd8ba3da639ceea24e024f168	1	0.256267
ccce6e5496db35d66cbbe0e1675c0863	1	0.143023
ccf2003bd12ce2b6697da45698e9a125	10	8.293156
cd1f54d48d014767afa3085b31501ff1	1	0.385085
cd275e968d4af27744fb0b3e6cbcca49	1	0.336411
cd2f76f0ab4fd26ae84f923fb562cce6	1	0.11477799999999999
cd65af8cb6e08e8bed16fdf7377224fd	1	0.483809
ce3bea4fd84fb04267c2b58db834aff6	1	0.00015
ce72168fbf5e3e014ce3bb524e664041	1	0.077735
ce8e4e0a51c2f00d449617a9bbdf9c17	1	0.082451
cef146d6e884ec69c8c0717131f90954	1	0.177668
cfcd66c1310f85d586280b6dbd829635	1	0.00015
d003de462418dec723b144c593997ac0	1	0.407583
d08b457971ed3055e24cae4e6d7f56b4	1	5.478707
d11290f5a8d806b455f66a2c7ca1cad1	1	0.24134699999999998
d114fb4c335125128be28401522dd41a	1	0.027068000000000002
d15bc449222795a9ff230013aa633686	6	0.01212
d1bba5d48eb1f1935e4876b2796660bc	2	0.182313
d1fa113ccea53005095e735109cb05a1	2	0.22107399999999996
d224c991edbf0d840f78f93de02b4145	2	0.059271000000000004
d264a86621cfddb3c6a00e3ec92acf95	1	0.125632
d2b8d5bd40ee92647e377748dc7dab67	10	6.977834
d2c88986250e583ce00ec03bc259eb2f	1	0.126825
d3303382b19b8ac4d8f8864337e9b9c3	1	0.09901
d3381ed3365e985eda8cf88bc4b1a016	1	0.049913
d35ca090393d6ff5346c5d37d94b52ed	1	0.377612
d3c360a60950f757b72289f8e3e16ee0	2	0.366467
d3eb38f0c85852ec1922bf9df7a7d0c9	1	0.555429
d4056c1ed430ae9ef35f852c935b6ce9	1	0.31195
d41b17ddb420260213c875e363a71056	1	0.09690399999999999
d46e2205f0c6ecf67b51f83d111c509c	4	0.011044
d4cfe38cbae639f4f511983d2c1e239a	1	0.087994
d4d730b31a0204698feaad30fc411cbf	1	0.244601
d5056f012d83ac02aa6dc72babdb7c85	10	7.141903
d5257f3b376e9145fcdfde0cc625b08b	3	0.208796
d55e2ebd983f8f0276403c4f1f411559	1	0.069207
d55ec6905770de43f4d8ebd4a72e9cf5	1	0.9032120000000001
d563ccb9d1f05c721ba9e1369f7f6a07	1	0.032664
d5cf2ef1b18a3671e7ebf73d81a6cee1	1	0.033183
d5ee53d469d1021f8b798c1d74011981	1	0.5723739999999999
d5f60e92a46b3b233dec20ed77cd3a4e	1	0.355643
d62ef2e2064ccec2afc18d2cfa71d670	1	0.756887
d64031483f44d4131696766ed95346c5	1	0.44897200000000004
d6700fff1c379c8bff51a973af08d94c	1	0.506182
d6761634c7ce469cb010efcc9e826602	1	0.325019
d6a0eedb544f6da0081753132ce8867c	1	0.293542
d6c8ef8236bbc7fe31bd1153f286cc69	1	0.064349
d6d2a6773b4d8fad58c24c77d02fe371	1	0.500722
d7038dc4b5219b7c7a4da26be35df3dc	3	0.173399
d757291c07e8cafce8d911099afb7add	1	0.23313499999999998
d76c814d426ff7be321518897949d1fb	1	0.162572
d7c175c5b206160e3c14ffd3ae2019d7	1	0.030989999999999997
d83f29f1a140139899bdff5b62c9ba9b	1	0.446833
d885778ffd497eb152ae457948587e78	1	0.531425
d889ef51e40e9f3554f2826d6d8127d0	1	0.313973
d8a07c206b38bb0ef4dba748dfd89f8e	1	0.724626
d8b470f8b1584a224f296227fb2ed099	1	0.43892700000000007
d8c856398de3bc24aaca18b0c3aa0b77	2	0.6614479999999999
d8e5e0a3ddfd422e89a137ea5aaf7f14	2	0.22376999999999997
da00a92dd8838ccfe29c0b4136c9e99d	1	0.8908360000000001
da2c33ec77aeb15e51d1a1e7cf0d5228	1	0.696603
da7fe2a538eab739ce0a64113f3950e1	6	0.6160180000000001
da8f8a2fd8facd443c9250aa07f7317d	1	1.296742
daac9027fdcefc0f5aeb1a1cc505ffeb	1	0.890122
dab71e208f56529ac3387fa2f2bd11c6	1	0.337918
dac6772b2499638df2c3c1466ad097dd	1	0.250206
dacbd44438a27fb97c3bed00d4ca15b4	1	0.17802
db106fd17937f41b1ff14e445593316e	1	0.139194
db616182470478283240190ef7bcd881	2	0.128743
dba53424e92d8150b0a59c02c1bd24ef	1	0.066238
dba7c3dc526ce6ef74fe1fcc2b9b68b8	1	0.26458400000000004
dbce5a0178be750239ace476cb902e21	1	0.518744
dbea7738c1fbd65f027c60498ebe3a57	2	0.615572
dbf752e81d38778d78963d6398d050b8	1	0.5182329999999999
dc3eae82126c5087dbe2dc2d900b84f0	1	0.9840760000000001
dc49795e33e96c2d34dbf21d093912d3	1	0.9229639999999999
dc54ee6fbd5a92c0d06164d9412603ed	1	0.045845
dc5c73dcc83c48c73114693c22ec06d1	1	0.407857
dc976a8dbb1d5857048bdd1c430557c0	1	0.293561
dd3feb8bca4f233f9df1a182c90ff495	1	0.009202
dd5b5c8969cca66d547431eea5d80c24	2	0.494909
de827ff2880c67dc7b87a50ede6d14c8	1	0.11362799999999999
debae9868186317531f01e3058e45f4c	1	0.340373
debba2283eaff84a7da6f43c9edf3c65	1	0.42228999999999994
df0e3d38eec730326754d8c17a8b8efe	1	0.044821
df759a6d02f86cbfbee1086eb4af0555	1	0.580364
dfa4fdd6e8a64663885a2d0ac5f9b6fe	1	0.165078
dfb585a396964d3301b2c719f98ca584	1	0.02172
e04bb62d7b5e9e31b861a5b56b7ed681	1	0.798016
e0e832a87f15ee7dbebbd1546dca9161	4	0.05942000000000001
e1279beaa94a4603f4acf96f5177e1fa	1	0.329516
e147b59672d5b3fd45f1892b61ca78e3	1	0.177229
e18e654239597832f5933176ac7a4d55	1	0.946308
e1c0e69b9f2d7db1ca7d688fb58d7cbc	2	0.066372
e22a7e0700d738e174989a4372fc56fa	1	0.20766199999999999
e23927b877fc10aa0f95e0383c0b69b3	1	0.6405069999999999
e256aecf1393e0f37cfb96c1d1b54a65	1	0.393865
e2c3de7db50582cdafccb3b166b68b4a	1	0.03165
e31932ecd6171345f7b0c11d4a39bd2f	1	0.384287
e34375d8a1e4734b73764399f56c5ed2	2	0.630633
e362fef289b864678ed11f297a847e94	1	0.024189
e38f203ff6a5b6cc429054b6c57a4c44	1	0.033518
e3ce1ca7723a1c808f279e645309206b	1	0.01198
e3e80b2b5606abe3a7996d2a8e9e4739	1	0.7114229999999999
e4363282f74db34c2c8a2fe2549619da	10	7.0064020000000005
e471128c17ef45ae43aec65af2773f60	1	0.249477
e53c2209d851356bee1c43efabf8220d	1	1.028118
e546a46b482fb9b75e76222a05faf21c	1	0.140785
e5de25c529ccf9edbd4da8169cbd4d4c	1	0.09262000000000001
e651f285b62863a415fe23d36a11742c	10	58.097984
e6a93d10a9417d91c7c93451f7749f33	1	0.38396199999999997
e72d8cdaa7a426f2dce5fa9b110f54eb	1	0.194168
e746867dd0cba085c6515dbd0d68f069	1	0.039932
e7b6a1cb7de7ab2f60111b1499005732	2	0.183636
e84b6c16695c475e98f771fa7ef4b972	2	0.42862
e85cf72bab69b1bcfcf5f2ebafa5e654	1	0.40813
e884b02a27f5f0efec71cf7edba40f85	1	0.051243
e8a0f0a7408350bfc7f1af73c4715abd	2	0.22107399999999996
e8f354149eef03830d19d03b83e93405	1	0.502081
e9dc7548f0a1b5727ea62da47ef3c6c1	2	0.897
e9fd78a987f94a0487536e73cd993534	1	0.21040799999999998
ea0055a9d206784f30e487a1bd8ef1aa	4	0.27769499999999997
ea1a74e9a3c07050f200eaaa19028192	1	0.114426
ea4ffb93b25f4719ae273ed8239279f9	1	0.277462
ea6d56dc7e34d27efbaa2f6bad11ae74	1	0.49671400000000004
ea97f4b6af8da97f1546410c5e143f3e	1	0.178276
eb1915fc067c68d9726d6c88ac4bf911	1	0.20575500000000002
eb22645cc0603aa6a366908fb9c6ed15	1	0.129407
eb4282d185aa8fcffabeacee3743dc3c	1	0.010863
ec6d4b14c4946befbc488146f7dd5eb5	2	0.381711
eca1c8813bfac9568305188ff68e7853	1	0.48961499999999997
ed3bd5170bf3127b6dc907f90c77c5d3	1	0.02449
ed5b75832373a9d191089c12715f6eba	1	0.19964
ed8d8537afe5536b867fb72f5d76153f	1	0.393104
edec132b37b15f74ce27df5d64422b3e	1	0.049088
ee73766677b2e5d6fd85ad68bbe3b2da	1	0.44149499999999997
eec0aaed4fd4ad45bc2a6e611d30047b	1	0.144233
efaa88b90ddb5d53822a042bf6fa7186	1	0.344832
f02146c7c85362221fe5934905bfb05b	1	0.089937
f090ceaa3971868067a7882691dd442b	1	0.491881
f098abcb6967b21272dccb11bab62149	10	6.5624139999999995
f0ac2827f562d432649c749d0f0e1b23	1	0.393104
f0d75fc90fb4d74164e50eeb380b4b88	1	0.037194
f14486d351725b3dd52bbd5a74f576b0	1	0.47608500000000004
f256332a25bc571ea2989fe092d4a8cc	1	0.19613599999999998
f2b97590741a9cc844c9c83c4e07caec	1	0.082024
f32e4c416e4c9d972609439d6d386bb0	2	1.210293
f3ecf69f8fd7ffebdc27b7707eebfe8f	1	0.143003
f3f4ad14106007d32280fb6baf831b4c	1	0.144401
f41382f3c1fcde90f84322b14c8a616f	1	1.030229
f505befbe1ca7e2f81e475fa9e2fcc98	1	0.158595
f553a64014377f9e19227224d69ae4a1	1	0.158861
f559afde83e5e34f9512c2c2ea07cbb1	2	0.305558
f5de56d543b792f7635750edc0f07da1	2	0.218856
f61d6286fcd17de28f4364016e41906a	1	0.328022
f6202da436951b2b080e52dda5b9f715	1	0.046539
f6b44349d8f76a32484850d54c9d8ac6	1	0.031247000000000004
f6c5a8bb93b9f2541ec753403b02a6bd	1	0.626613
f76045d0ed6bb4229a12e9d48562fbcd	1	0.390946
f81e6aa118f74f65a87c07943c79fbc9	1	0.819852
f834ac1834e423cd1b84affc069933d0	8	0.011902
f84a5455a4f6fb3979f21796cdff4da4	1	0.020252000000000003
f891a2c94c9d0a7d53a808b093044e8b	1	0.556543
f8f9a0fd86fb555ec571c5534e8fff3c	2	0.204335
f973ce344f6e44328824b482e07d6066	1	0.5190060000000001
f9a85dbbb4029756651e2c95ea3a331b	2	0.00015
f9ee5ec3b54a844d4e1ad558a131a263	1	0.32538
fa8c205209aa8d106fd3bef745ac4e22	1	0.293941
fa8e65710fead3d07feef61cdcbd1363	1	0.07467599999999999
fa929461ac7240113c96cb728747037b	1	0.405769
fa9fd63959559494f932fc47f819507c	1	0.057708
fab7fffcb07c2ad88af95ab63b9e0163	1	0.14711300000000002
fae00bdf6d5bd2c5a625937ff9ea3314	1	0.447042
faf1029d37956293b35d5c395a5297c1	2	0.00015
fb36633e178f46453243c85316477a83	1	0.19201400000000002
fb3e9d336b529f96b864ad8e57d5caca	1	0.633854
fb6561c0a4a4f9cd5b5b18bea4675fc3	1	0.188334
fbba6b9f2e2f9ee66ff5b9d11d939660	1	0.221811
fc344907249381c3bb81e4dee8ad8b51	1	0.49148000000000003
fcc915d24e50fdfbaca160ede2b4bd63	2	0.458595
fce870aed036df9687dcbf49c336bc54	1	0.315605
fd0d4575e0afd64b0f3438bac1507529	1	0.22086799999999998
fd2821312a38d19b8966534d3b2f2ee9	1	0.730429
fd2eadedd5f717b92333d858a1acb33b	1	0.041031
fd496fd32dc8c08ade2e8b6c9d8ee13d	1	0.058921
fd5a68974e6bbf45c91bc7d93ae51f07	1	0.340596
fe54a778d1cb0bac55a9ef509e642163	1	0.595608
fe64fd454cfe3d23e3b27ecaff48568a	1	0.220124
fe9a49ae1054152be54c46a2b90b0d20	1	0.108492
fed336d0df99d2ee983770de445640a7	1	0.497381
ff42514fa0c2770561f7e36391f72839	1	1.0922530000000001
ff42ce8d2fe0380cdad2bb881dd952ff	1	0.653652
ffb2c45abb679b8d34adb2a63845d7a2	1	0.15473
